item1,item2,item3,item4,item5,item6,kills,deaths,assists,largestkillingspree,largestmultikill,killingsprees,longesttimespentliving,doublekills,triplekills,quadrakills,pentakills,totdmgdealt,magicdmgdealt,physicaldmgdealt,truedmgdealt,largestcrit,totdmgtochamp,totheal,totunitshealed,dmgselfmit,dmgtoobj,dmgtoturrets,visionscore,timecc,totdmgtaken,magicdmgtaken,physdmgtaken,truedmgtaken,goldearned,goldspent,turretkills,inhibkills,totminionskilled,neutralminionskilled,champlvl,pinksbought,firstblood,win
3748,2003,3111,3053,1419,1042,6,10,1,2,2,2,643,2,0,0,0,96980,25154,65433,6392,0,9101,15160,1,23998,1826,1170,14,0,41446,13270,24957,3218,10497,10275,0,0,42,69,13,0,0,0
2301,3111,3190,3107,0,0,0,2,12,0,0,0,1116,0,0,0,0,25995,17633,6295,2066,0,8478,11707,5,9402,1943,1852,30,0,17769,7945,7688,2136,9496,7975,1,0,17,1,14,1,0,0
1055,3072,3006,3031,3046,1036,7,8,5,5,2,1,584,2,0,0,0,171568,1725,169576,266,1042,14425,2283,2,16612,5094,2128,26,0,25627,12538,11094,1993,13136,11775,0,0,205,3,14,1,0,0
1029,3078,3156,1001,3053,0,5,11,2,2,1,1,300,0,0,0,0,113721,989,109563,3168,455,15267,4252,1,27174,8263,8263,5,0,31705,10280,19506,1918,11006,10683,3,0,164,6,15,0,0,0
3020,1058,3198,3102,1052,1026,2,8,2,0,1,0,504,0,0,0,0,185302,166671,16867,1763,0,18229,1525,1,14616,3801,1724,15,0,20585,6850,11119,2615,11439,10485,1,0,235,4,15,0,0,0
1400,3111,3078,3742,1033,3067,3,3,9,2,1,1,713,0,0,0,0,148791,29447,107327,12015,0,10587,10333,1,28569,16739,1180,18,0,22708,5293,16952,462,11885,11758,1,0,28,111,16,0,0,1
3025,3193,3068,3047,1028,3082,4,5,11,2,1,1,549,0,0,0,0,130692,118760,11580,351,0,15050,1401,1,44919,6156,3119,25,0,21719,2840,15798,3080,12192,11575,2,0,187,6,16,1,0,1
3135,3165,3089,3020,1058,3136,13,4,8,4,2,4,775,1,0,0,0,145731,86725,22692,36313,0,28090,4840,1,8269,19085,8160,12,0,19174,9771,8844,557,14940,13750,3,0,183,6,17,0,0,1
3046,3031,3006,3085,3072,1029,15,3,9,12,1,2,290,0,0,0,0,182680,1735,173731,7213,843,30749,2802,4,9815,20784,9993,12,0,17655,6801,10225,628,15970,14375,2,2,191,7,16,1,1,1
1058,2045,3092,3089,3113,3158,4,5,19,4,1,1,226,0,0,0,0,85785,67341,7979,10464,0,20021,3242,1,4389,3658,1126,71,0,13443,6639,6360,443,12978,11675,0,0,72,2,16,5,0,1
3092,2010,3158,1082,3165,0,2,7,5,0,1,0,489,0,0,0,0,46790,41813,4515,462,0,9197,104,1,4264,477,477,26,0,11576,4721,6673,182,7792,6925,1,0,36,2,12,3,0,0
3040,3165,1056,1052,0,0,2,8,6,0,1,0,338,0,0,0,0,62444,54560,7675,208,0,9339,3003,2,6217,0,0,16,0,16571,7180,8902,488,8544,7210,0,0,128,10,12,1,0,0
1038,1037,3087,3006,1018,1042,1,7,4,0,1,0,672,0,0,0,0,117896,25902,90755,1238,365,5909,494,1,11259,3070,3070,9,0,15955,4034,11448,472,9083,8100,0,0,114,49,13,1,1,0
3157,3158,3027,3100,1056,1058,9,7,11,4,1,3,399,0,0,0,0,129156,117800,11355,0,0,16047,3165,1,7726,721,721,13,0,20763,9437,10227,1098,13299,11600,0,0,189,1,16,0,0,0
1402,3100,3041,3020,3089,3135,19,3,8,9,2,2,1058,1,0,0,0,179252,134097,39536,5618,0,30236,5072,1,12558,160,160,20,0,21945,6192,14818,934,15808,17445,0,0,120,70,17,0,0,0
3046,3031,3085,1053,3006,3133,12,5,4,4,2,3,646,1,0,0,0,163342,404,159551,3386,1375,16767,3549,2,8361,11722,3810,18,0,19326,11518,7445,362,13979,12425,2,1,185,24,15,1,0,1
1055,3071,3142,3111,3134,1037,7,8,2,0,1,0,318,0,0,0,0,122919,3756,117645,1516,0,13073,2022,1,10911,7898,7898,25,0,19623,11907,7343,372,12122,9750,2,0,186,8,15,1,0,1
3165,3020,1026,3157,3285,1056,5,7,4,3,1,1,502,0,0,0,0,146754,130209,15451,1094,0,13794,709,1,5234,8532,8532,20,0,13999,7284,6239,474,12247,11850,5,0,199,3,15,2,0,1
3092,3165,1058,3020,1026,1052,3,7,13,3,1,1,699,0,0,0,0,35766,31952,3502,311,0,9696,558,1,5067,1298,1298,24,0,15091,10654,4278,158,10368,9260,0,1,35,0,13,3,0,1
3748,3155,3133,0,1419,3111,5,6,6,3,1,1,464,0,0,0,0,117790,27069,84572,6149,0,12571,15524,1,20222,9574,3328,19,0,30605,14091,15798,716,10990,9775,0,1,43,61,14,0,0,1
1038,3006,1053,1036,1036,3031,4,8,5,3,2,1,335,1,0,0,0,74879,140,74366,372,883,15856,2278,3,9028,383,383,4,0,18032,5662,10697,1672,8731,7950,0,0,113,3,11,0,0,0
3117,3801,3504,2302,1029,0,2,4,7,0,1,0,577,0,0,0,0,11242,8694,2310,238,0,2448,1938,6,7819,0,0,22,0,11722,4137,7029,556,6884,6225,0,0,10,0,11,0,0,0
1056,3113,0,3135,3165,3020,9,8,5,3,1,3,386,0,0,0,0,66424,52891,12704,828,0,15268,0,0,8920,2799,2799,12,0,15943,6649,7529,1764,9066,8450,1,0,91,0,13,0,0,0
1401,2031,3047,3001,3024,0,3,6,8,3,2,1,381,1,0,0,0,87826,64509,15471,7845,0,8656,5991,1,25312,0,0,13,0,23972,3897,18270,1803,8112,7750,0,0,25,71,13,1,0,0
3087,3153,3006,1055,0,0,2,6,2,0,1,0,352,0,0,0,0,76085,2281,66013,7790,411,7263,471,1,6421,962,962,11,0,15120,1123,13424,572,8049,7725,0,0,156,0,12,1,1,0
1026,3165,3020,3102,1058,1052,13,5,3,6,3,3,451,3,1,0,0,93334,53752,14160,25422,0,20841,1903,1,4867,8404,7104,13,0,13689,7463,5934,291,12174,9985,2,0,138,1,13,0,0,1
1400,3078,1033,3111,1036,0,8,5,9,4,1,2,625,0,0,0,0,98220,2153,89888,6178,0,11454,5344,1,14703,15260,3933,11,0,20103,5946,13354,803,10596,8458,1,0,6,69,13,0,0,1
1055,3031,1053,3085,3006,3086,4,3,6,2,1,1,633,0,0,0,0,136987,589,136397,0,1211,18608,504,1,6847,5929,5929,12,0,15078,2609,11713,755,11619,9850,2,1,205,8,14,0,0,1
2301,3047,3107,3105,1082,0,0,1,16,0,0,0,908,0,0,0,0,26324,15832,10083,408,0,6710,4237,5,4854,2900,2900,34,0,9826,1556,8202,67,8552,7200,0,0,13,0,12,2,0,1
3006,3153,3085,1038,0,0,7,6,7,3,1,1,475,0,0,0,0,81506,1326,76643,3537,335,11477,1841,3,5925,7880,7880,10,0,14282,4470,9391,420,10931,9000,1,1,137,9,12,0,0,1
3113,3135,3152,3157,3165,3020,11,8,7,5,2,2,523,1,0,0,0,128787,109362,17943,1481,613,29817,1855,1,8783,2763,2763,9,0,23520,12448,10438,633,14039,15275,2,0,184,9,16,1,0,0
1055,3031,3085,3006,3072,3026,10,9,11,2,1,3,565,0,0,0,0,151221,1016,148390,1814,820,30235,2886,4,14846,5423,3394,16,0,22460,4076,15689,2694,14329,13750,1,0,185,20,15,0,0,0
3153,1028,3077,3053,1419,3111,6,11,10,2,1,1,425,0,0,0,0,147647,38802,92621,16222,0,23640,21261,1,29356,28223,0,20,0,48907,13872,32261,2773,11986,11475,1,0,50,64,16,0,1,0
3742,1054,3111,3065,3068,3044,5,5,6,4,1,1,674,0,0,0,0,143555,51549,91052,952,0,16369,1953,1,49664,2327,2327,9,0,28496,9065,17272,2159,12672,11600,1,0,193,19,17,0,0,0
3142,0,1036,1036,3071,3047,4,6,4,2,1,1,440,0,0,0,0,68190,3433,62226,2530,0,7712,880,4,6349,1676,1676,12,0,11865,2880,8102,883,10605,8250,0,0,87,8,13,0,0,0
2031,3006,3087,3072,3031,1051,5,9,8,2,1,1,407,0,0,0,0,147393,45170,100091,2131,731,17243,2870,2,10407,11274,9741,32,0,23771,8195,14611,964,12885,11850,2,0,163,25,15,0,0,1
3801,3065,3068,3110,1011,3047,7,7,13,3,1,2,340,0,0,0,0,109306,88403,19792,1110,329,20764,8669,1,43245,4227,1363,17,0,33752,10893,21101,1758,13442,12450,2,0,172,0,17,2,0,1
3153,1419,3006,3031,3072,1036,17,7,6,5,2,5,496,4,0,0,0,212727,1413,185244,26069,1075,34693,10279,1,22272,22111,6942,9,0,32436,7684,24210,541,16844,14775,2,0,51,106,17,0,0,1
3107,3190,2045,3096,3111,3751,1,5,16,0,1,0,581,0,0,0,0,20409,10334,9717,357,0,6571,5451,5,29211,1735,1077,25,0,19742,5720,13745,276,10976,9175,0,1,26,0,15,0,0,1
3157,3020,3151,3027,1052,1026,9,8,5,2,1,2,477,0,0,0,0,106663,94264,11037,1362,0,18574,3128,1,10547,5890,3922,8,0,23344,9728,12429,1186,12601,11635,2,0,129,0,15,0,0,1
3152,1052,3020,3089,3165,3135,10,5,12,4,2,3,1036,1,0,0,0,165393,143992,20687,714,0,33725,2691,1,11738,6555,3882,15,0,22481,9295,11121,2064,14607,13885,3,0,242,1,17,0,0,0
1037,3036,3042,3071,3047,1053,3,4,9,0,1,0,872,0,0,0,0,105421,1042,98811,5568,0,19909,1996,1,22168,9098,1327,12,0,18891,6267,10910,1713,11544,11780,1,0,176,3,16,1,1,0
1400,2032,3142,3111,3071,1037,7,9,10,2,1,2,520,0,0,0,0,113801,5457,102175,6168,0,22248,9553,1,20495,4737,271,21,0,32919,6649,25336,933,11575,12200,0,0,46,52,14,0,0,0
1055,3031,3085,3006,3072,3035,10,10,9,5,1,2,403,0,0,0,0,159845,1194,157168,1482,1709,28877,5993,3,12775,7862,3285,21,0,27491,11088,14905,1498,13568,12750,0,0,181,18,14,0,0,0
3401,2045,3047,1011,3211,3068,8,7,15,2,2,2,524,1,0,0,0,41507,32958,5567,2981,0,17159,19003,5,31732,828,760,16,0,35282,14630,16406,4244,11326,10150,0,0,38,1,14,0,0,0
1055,3153,1038,3006,3046,3044,8,11,7,2,2,3,312,1,0,0,0,162036,3164,155335,3536,486,26931,5775,3,14324,9988,4093,8,0,29623,8558,20478,586,14140,10450,2,0,238,4,15,0,0,1
3153,3052,3077,3053,3111,1419,10,11,7,3,2,3,385,2,0,0,0,152770,41148,97059,14563,0,22450,25110,1,36641,22107,192,22,0,53368,13052,39938,378,13474,12675,0,0,35,99,16,0,0,1
3190,3020,2301,3504,3108,3802,3,5,13,2,1,1,759,0,0,0,0,61405,50612,9922,870,0,14445,3996,1,16233,3438,1735,47,0,17064,6295,10554,214,12530,9800,0,0,54,0,16,0,0,1
3143,3071,3111,3742,1054,3065,7,7,7,4,3,2,573,1,1,0,0,164354,319,157425,6609,0,21669,8549,1,46343,6105,3803,26,0,38178,10749,26734,694,14498,13200,0,0,243,5,17,0,0,1
3089,3157,3027,1056,3020,0,5,5,11,3,1,1,493,0,0,0,0,131409,113498,16507,1402,0,25069,6025,1,18076,5436,5436,13,0,28194,11584,16489,120,13493,11820,4,0,189,6,17,0,0,1
3072,3006,1038,3071,1042,1042,5,3,9,5,2,1,950,1,0,0,0,106068,1730,103792,546,721,23584,2079,3,6008,14409,9123,13,0,9927,4997,4929,0,11120,10350,3,2,144,5,13,0,0,1
1056,1052,1058,3165,3020,3157,5,2,11,4,1,1,1187,0,0,0,0,89975,50450,14955,24569,0,15728,3222,1,8191,6750,6750,13,0,13752,3880,9871,0,10419,9760,1,1,127,11,13,1,0,1
3153,3077,2003,3052,1419,3111,5,3,3,4,1,1,926,0,0,0,0,135490,30156,90814,14519,0,7243,13553,1,12710,24247,2123,18,0,26287,5189,20965,132,10291,9675,1,1,18,84,13,0,1,1
3107,3401,2049,3024,0,3117,0,3,12,0,0,0,674,0,0,0,0,21740,13172,8567,0,0,6055,2584,4,13574,3386,1362,29,0,18393,5154,12892,346,7874,7375,1,0,44,0,11,1,0,1
3068,1029,1054,3047,3071,3065,7,1,1,7,2,1,1587,2,0,0,0,132516,31689,99846,980,0,16307,1833,1,19598,5972,5972,14,0,15875,3617,10789,1468,12023,10975,2,0,213,0,15,1,0,1
3092,3107,2049,3117,1029,1029,3,3,9,0,1,0,757,0,0,0,0,19823,11301,5576,2945,0,8981,12871,9,6033,0,0,21,0,12964,2778,9590,596,7796,6925,0,0,8,0,12,1,0,0
1055,1053,3087,3111,1018,1038,2,1,4,0,1,0,1319,0,0,0,0,156186,41576,114610,0,556,13195,7844,1,21470,0,0,5,0,32047,4128,26685,1233,9795,7200,0,0,214,13,15,0,0,0
2031,1408,3117,3044,1028,0,0,6,5,0,0,0,539,0,0,0,0,68226,15938,47206,5082,0,4547,4863,1,11705,0,0,24,0,23321,6870,15419,1031,7051,5400,0,0,22,43,12,1,0,0
1056,3165,3157,3020,3113,0,2,5,2,0,1,0,611,0,0,0,0,118449,100865,12584,5000,0,11346,1322,3,4164,7016,7016,19,0,12491,4865,6773,851,9063,8425,1,0,174,11,13,1,0,0
1055,3006,3046,3031,0,0,5,7,3,4,2,1,619,1,0,0,0,106366,21919,83454,991,490,13565,852,1,14546,1259,0,13,0,18358,5979,10906,1472,9309,7600,0,0,165,5,14,0,0,0
3087,3074,1419,3047,3086,0,7,10,2,3,3,1,427,1,1,0,0,147662,9386,129855,8421,639,18520,5878,1,16134,1396,1116,14,0,27488,7513,19725,250,11355,11325,1,0,87,82,14,0,0,0
3157,3040,3027,1056,3020,0,6,8,11,2,2,2,493,1,0,0,0,130794,125295,5331,168,593,22578,5175,1,13865,4405,3338,9,0,21169,7457,12987,725,11552,10450,1,0,163,23,14,0,0,0
3031,3046,3006,1029,3044,1053,6,7,5,2,2,2,527,2,0,0,0,98986,14710,83283,991,991,15095,0,0,15636,4396,2393,13,0,20570,6734,13234,602,10245,10325,1,0,136,10,13,1,0,0
1055,3153,3006,3071,1018,0,6,9,7,2,1,1,408,0,0,0,0,67116,1480,65297,338,382,15269,1597,4,10399,2484,2484,9,0,21568,6085,14017,1465,9801,8950,0,0,123,3,13,0,0,0
3009,2303,3110,3065,0,0,3,11,18,0,1,0,229,0,0,0,0,21550,7815,7530,6205,0,9582,4742,5,41951,576,488,13,0,25645,7109,16525,2010,9668,8850,0,0,41,0,13,0,0,0
3157,3165,3027,3111,1056,3057,13,4,8,5,2,3,612,1,0,0,0,107927,82703,22819,2405,0,19425,3892,1,13482,9906,4625,27,0,18290,4314,13306,669,13586,11375,0,1,167,8,15,1,1,1
3065,2033,3078,3111,3022,0,6,5,16,2,2,2,566,1,0,0,0,108907,18863,88592,1450,0,19558,438,1,22618,7888,6167,23,0,32371,8328,22733,1310,12405,11308,4,0,150,3,16,1,0,1
3401,3111,3190,2045,1031,1029,4,5,25,2,1,1,808,0,0,0,0,32365,16646,9747,5971,0,8267,2330,5,31898,2437,817,33,0,19119,6091,12741,287,10417,8725,0,0,35,0,14,1,0,1
3031,1053,3006,3085,3155,3087,15,5,14,8,2,3,623,4,0,0,0,130551,9015,113690,7845,817,32805,3585,4,9193,18136,8238,13,0,17995,4891,12547,557,14782,12900,3,0,170,2,16,0,0,1
3153,3052,3077,0,1419,3111,7,9,7,3,2,1,348,1,0,0,0,99076,25132,59718,14226,0,10666,12913,1,14702,24935,1931,19,0,29726,8841,20541,344,10842,9725,0,0,46,44,14,0,0,1
1419,3153,3006,0,0,0,1,9,6,0,1,0,714,0,0,0,0,69787,1511,60958,7317,514,5824,6330,1,12841,0,0,12,0,25705,6281,18401,1022,7594,7275,0,0,18,62,12,0,0,0
3107,3401,2049,3117,0,0,0,7,8,0,0,0,391,0,0,0,0,17549,9811,5825,1912,0,5033,1188,4,14130,0,0,13,0,21761,4981,14688,2091,6699,6870,0,0,38,0,11,0,0,0
3153,3006,3031,3086,0,0,5,6,4,2,1,2,491,0,0,0,0,107769,551,105384,1834,674,12737,3366,4,9129,0,0,8,0,19728,5915,13389,423,9893,9700,0,0,166,7,13,0,0,0
3086,3153,3071,3006,1042,1042,8,5,4,6,1,1,721,0,0,0,0,79884,1989,76062,1832,363,14325,1853,1,8023,2570,2570,14,0,18563,4325,13195,1042,10507,9950,1,0,156,1,14,0,0,0
3071,2033,3742,3111,1028,3082,4,4,3,3,1,1,661,0,0,0,0,85182,5184,79997,0,0,16597,1613,1,16238,2341,2341,22,0,20578,2057,17748,772,9115,9050,1,0,152,0,14,2,0,0
3071,2033,3047,3742,3082,0,6,7,3,3,1,1,524,0,0,0,0,101167,391,98358,2416,0,17690,2210,1,18328,5362,5362,14,0,23201,2693,19901,606,11249,8875,2,0,142,6,15,1,0,1
3153,3025,3042,3158,1055,1029,3,1,12,2,1,1,1090,0,0,0,0,130025,20233,109791,0,0,17857,1298,1,10988,11697,5587,15,0,11836,1279,10262,294,12223,10200,2,1,209,2,15,0,0,1
2301,2010,3151,3020,1026,1052,3,1,8,3,1,1,947,0,0,0,0,48167,35374,7724,5069,0,11208,1431,1,3730,5013,2165,37,0,8007,674,7169,164,10186,7910,2,0,48,1,14,1,0,1
1055,3094,3085,3006,3031,1036,11,4,7,5,2,2,961,1,0,0,0,165695,1959,162221,1514,1770,28184,2116,5,7153,18938,6559,16,0,14467,1320,12524,623,13447,10775,1,1,184,8,15,1,0,1
3153,3077,3052,1028,1419,3111,8,5,5,3,1,2,700,0,0,0,0,144500,36782,101620,6098,0,14378,20032,1,18084,12082,4180,19,0,36326,4639,31087,599,12312,10075,2,1,18,99,15,0,1,1
1082,3165,3174,3020,3089,1026,12,12,4,3,3,4,530,3,1,0,0,94102,84148,8910,1043,0,24068,1413,5,11051,890,568,13,0,20044,10717,9082,244,11515,11450,1,0,90,0,15,0,0,0
1055,3140,3153,3085,3006,1038,6,7,6,2,2,2,848,1,0,0,0,112039,4685,107059,294,212,20252,3741,5,11609,1655,1655,9,0,23393,7411,15801,180,10740,10300,0,0,154,3,14,0,0,0
3092,3117,2049,2003,3165,1029,2,6,14,2,1,1,657,0,0,0,0,25120,20926,4186,8,0,8323,7518,3,9714,1233,852,33,0,21215,7831,13199,184,9339,7700,0,0,23,0,13,2,0,0
3074,3190,3047,1011,3071,1031,7,6,8,3,2,1,568,1,0,0,0,158052,5566,150588,1898,0,18108,1613,1,40267,3376,3376,14,0,28606,9317,18061,1227,13191,11825,1,0,235,6,17,3,0,0
3065,3748,3711,3117,1011,1031,5,8,13,3,1,1,877,0,0,0,0,88615,31499,51890,5226,0,13323,15396,1,37767,640,640,11,0,44047,13425,29421,1199,10533,10105,0,0,31,56,15,0,0,0
3401,0,3117,3082,3024,3109,0,7,15,0,0,0,388,0,0,0,0,16278,10086,6192,0,0,6236,2737,5,23166,2041,2041,15,0,21841,9046,12484,311,8995,7550,1,0,36,0,14,0,0,1
2033,3146,3020,3100,3135,3191,10,5,7,4,2,3,698,1,0,0,0,104860,77954,26906,0,524,25528,4744,1,9172,2636,2636,23,0,21357,10642,10267,448,13605,12200,0,0,190,7,16,2,1,1
3085,3146,3115,3047,1043,0,6,7,9,2,2,2,566,1,0,0,0,143097,73091,68441,1563,401,26789,5835,1,10386,7786,7786,11,0,19650,7491,11885,274,13454,11525,3,0,199,6,16,1,0,1
1408,2031,3742,3071,3026,3117,15,4,6,4,1,5,583,0,0,0,0,170064,38244,118489,13329,0,22647,9457,1,22195,13842,1365,23,0,34178,7027,27038,112,15160,12125,2,2,51,87,17,2,0,1
3085,3031,3072,3026,3006,1036,8,9,15,5,2,2,614,1,0,0,0,150444,967,149206,270,1686,35259,5659,4,15079,10176,10176,6,0,25881,10747,15134,0,14325,14100,1,2,189,1,16,0,0,1
1055,3812,3047,3078,0,0,5,4,5,3,1,1,728,0,0,0,0,152754,1264,149821,1668,0,24404,4712,1,0,0,0,0,0,18006,3685,12543,1776,11116,9008,2,0,200,1,15,1,0,1
1401,2031,3111,3065,0,0,7,1,7,5,1,2,1126,0,0,0,0,97625,33073,55500,9051,0,13645,5167,1,0,0,0,0,0,17903,4513,13106,284,10466,6675,1,0,27,53,14,0,0,1
1055,3006,3153,3085,3124,1037,16,5,3,13,3,2,541,4,2,0,0,173474,38858,131087,3528,650,40089,6588,3,0,0,0,0,0,23782,7864,15208,709,15070,12075,2,0,205,20,15,0,0,1
2302,3504,3117,0,3050,0,1,4,20,0,1,0,391,0,0,0,0,8764,4754,3751,258,133,3534,5891,7,0,0,0,0,0,9709,4059,5521,128,9300,7500,2,1,4,0,14,0,0,1
1054,3146,3020,1033,3108,1026,3,6,6,2,1,1,409,0,0,0,0,81386,31052,48985,1348,0,13280,5789,1,0,0,0,0,0,18327,8216,9526,584,9803,7300,3,1,118,5,13,0,0,1
3020,3027,2031,3157,1058,1026,3,7,7,2,1,1,694,0,0,0,0,111586,100918,9589,1078,0,19822,2077,1,0,0,0,0,0,20965,8237,12142,586,9844,9525,1,0,164,0,13,1,1,0
3153,3071,3006,1055,0,0,7,8,4,2,2,2,357,1,0,0,0,67874,1689,66065,119,0,15987,2588,4,0,0,0,0,0,21363,6067,14664,632,9325,8200,0,0,123,1,12,0,0,0
3401,3107,2049,3009,3082,0,4,6,7,3,1,1,769,0,0,0,0,20844,6951,8382,5510,0,7879,3846,7,0,0,0,0,0,21278,6838,14100,340,8074,7750,1,0,28,1,11,4,0,0
3074,3047,3044,3067,1055,1036,3,4,3,2,1,1,737,0,0,0,0,106481,1443,101678,3360,0,10368,4893,1,0,0,0,0,0,28563,6247,21279,1037,8657,7775,0,0,189,0,13,1,0,0
3153,3052,0,0,3111,1419,3,7,3,0,1,0,725,0,0,0,0,99667,25937,64136,9594,0,10176,12963,1,0,0,0,0,0,28531,5576,22729,226,8685,8475,1,0,32,68,13,0,0,0
3301,3114,2049,2055,0,1001,0,1,2,0,0,0,750,0,0,0,0,5635,3555,2080,0,0,1497,1039,5,0,0,0,0,0,6011,1910,4101,0,3129,2525,0,0,6,0,8,1,0,0
0,3144,1043,3006,0,0,2,2,0,2,2,1,679,1,0,0,0,33907,501,33405,0,0,7118,388,2,0,0,0,0,0,5011,1336,3675,0,4559,3875,0,0,97,0,8,1,0,0
1038,3134,3047,1055,0,0,4,2,1,3,1,1,425,0,0,0,0,39164,2158,36962,44,0,6930,485,1,0,0,0,0,0,8049,1700,5601,747,5135,4200,0,0,92,0,10,0,0,0
1082,2003,0,0,0,0,0,1,0,0,0,0,412,0,0,0,0,1542,942,600,0,0,262,0,0,0,0,0,0,0,997,573,368,56,2147,500,0,0,6,0,3,0,0,0
1419,1001,0,0,0,1033,1,5,2,0,1,0,205,0,0,0,0,47219,12633,26117,8468,0,4538,7037,1,0,0,0,0,0,13299,3398,9608,292,3875,3575,0,0,5,39,8,0,0,0
1001,1056,3146,3100,2010,2055,7,0,1,7,2,1,0,2,0,0,0,62883,48115,13299,1467,0,7820,2646,1,0,0,0,0,0,6107,1203,4679,224,8205,7750,4,1,107,0,10,2,0,1
1001,3508,2003,1042,0,0,0,1,2,0,0,0,658,0,0,0,0,34656,0,34440,216,0,4927,791,2,0,0,0,0,0,4523,292,4231,0,4784,4350,0,0,78,0,7,0,0,1
3302,2049,2010,3047,3801,0,0,1,2,0,0,0,656,0,0,0,0,6069,1386,4594,87,0,1264,1070,4,0,0,0,0,0,4871,643,4227,0,3613,3250,0,0,11,0,7,0,0,1
3047,3024,2033,3057,1028,0,2,3,2,2,1,1,276,0,0,0,0,24405,5088,18821,495,0,4229,0,0,0,0,0,0,0,8517,1217,6979,320,5307,4125,1,0,63,0,9,1,0,1
3047,1419,1043,0,0,0,2,2,0,0,1,0,440,0,0,0,0,55780,464,49199,6117,0,2298,3412,1,0,0,0,0,0,7862,1415,6429,18,5469,4725,0,0,10,47,9,0,1,1
3022,3031,3047,0,3046,0,8,7,8,3,2,3,723,2,0,0,0,107069,7487,98598,983,480,14940,2748,1,0,0,0,0,0,19989,9088,10079,822,10966,10875,0,0,162,10,14,1,0,0
1038,1036,3031,3006,3046,1053,6,7,6,3,1,1,385,0,0,0,0,144595,473,142089,2032,815,21144,1800,4,0,0,0,0,0,18667,6099,12439,128,11763,10450,0,0,165,22,14,0,0,0
1401,2031,3111,3742,3194,1029,4,4,15,3,1,1,593,0,0,0,0,112611,79605,22445,10561,459,16012,13051,1,0,0,0,0,0,31901,10108,21111,682,10121,10025,0,0,42,74,14,2,0,0
3157,2033,3158,3100,3027,0,6,10,7,0,1,0,284,0,0,0,0,83716,59515,23819,382,0,13708,2424,1,0,0,0,0,0,24121,9693,13899,528,10788,10350,1,0,155,9,14,2,0,0
2301,3158,3114,3504,3801,0,1,6,13,0,1,0,372,0,0,0,0,16025,10205,5820,0,0,5180,5961,10,0,0,0,0,0,18610,9420,8983,206,7823,7225,0,0,7,0,12,1,0,0
3107,3069,0,3117,3050,0,2,5,21,0,1,0,832,0,0,0,0,23279,16562,5752,964,221,8897,6743,6,0,0,0,0,0,14264,4195,8693,1376,9436,7925,0,0,11,1,13,1,0,1
1055,3508,3047,2031,3085,3031,9,3,11,4,1,2,741,0,0,0,0,156541,0,155423,1118,845,28885,1850,1,0,0,0,0,0,16449,4641,11562,245,13047,11150,1,0,192,6,14,0,0,1
3102,3157,1052,3020,3100,1056,17,8,5,4,3,6,490,2,1,0,0,101277,78412,22011,854,380,33790,2885,1,0,0,0,0,0,22214,8721,12263,1230,13099,11335,2,0,124,7,14,0,1,1
3153,3748,0,0,3111,1419,5,4,9,3,1,1,846,0,0,0,0,158455,34662,111847,11946,0,10949,16549,1,0,0,0,0,0,30606,5349,24798,458,12000,10775,2,0,61,82,15,0,0,1
3068,3077,1036,3047,3091,1028,1,5,19,0,1,0,576,0,0,0,0,77042,24578,52464,0,0,10799,2508,1,0,0,0,0,0,19953,6601,12717,633,10205,9525,3,1,138,13,15,5,0,1
3153,3748,0,3053,3111,1419,13,3,3,5,2,3,711,2,0,0,0,192002,44583,131982,15436,0,20388,20123,1,0,0,0,0,0,36445,8148,27986,309,14725,13375,1,0,63,82,16,0,1,1
3009,3401,3107,3512,3751,1031,3,3,25,2,1,1,689,0,0,0,0,39459,21341,10834,7283,0,11122,18527,7,0,0,0,0,0,31358,7171,21234,2952,12786,10325,0,0,63,1,16,1,0,1
1057,3078,3047,1011,3065,1031,4,9,8,3,2,1,566,1,0,0,0,82924,2981,79366,576,0,19920,11053,1,0,0,0,0,0,37762,12912,23257,1592,11477,10903,0,1,103,4,15,0,0,1
3027,3157,3040,3089,3020,1026,13,7,8,5,2,3,559,1,0,0,0,162289,148742,12596,950,1241,33203,9839,1,0,0,0,0,0,29901,16259,12526,1115,15687,15200,1,1,176,24,17,0,0,1
3031,3006,3072,3087,3086,1042,12,5,7,4,2,4,668,2,0,0,0,229186,63559,162151,3476,1020,30669,1744,3,0,0,0,0,0,22033,7007,14131,894,16421,12850,7,1,217,23,17,0,0,1
3165,3020,3157,1052,3102,0,7,12,7,3,1,2,480,0,0,0,0,131167,123908,7119,139,0,32603,2090,1,0,0,0,0,0,26997,13228,13051,718,11396,11860,0,0,162,6,15,1,0,0
1055,3006,3031,3035,3094,1042,1,14,7,0,1,0,304,0,0,0,0,123510,2999,120238,273,1171,18397,3718,4,0,0,0,0,0,22967,8860,14005,102,10114,9400,0,0,164,6,14,0,0,0
3092,3107,2045,3117,3191,2031,4,6,9,3,1,1,451,0,0,0,0,47025,38385,7561,1078,0,14192,2515,1,0,0,0,0,0,21686,8173,13129,384,10016,8150,0,0,35,1,14,0,0,0
3047,3071,3053,3742,3211,3067,9,10,5,3,2,3,276,1,0,0,0,153299,0,147696,5603,0,36884,3998,1,0,0,0,0,0,41366,17594,22626,1146,12859,12150,1,0,202,6,16,0,0,0
1413,3001,3111,3025,1031,1028,6,3,7,3,2,2,1002,1,0,0,0,121840,44269,68664,8906,0,10444,6662,1,0,0,0,0,0,22922,8008,14133,780,10956,10710,0,0,38,88,14,1,0,0
0,0,1036,3111,1419,3053,4,2,4,2,1,1,577,0,0,0,0,104914,27859,66931,10124,0,6715,12967,1,0,0,0,0,0,20183,1291,18499,391,8037,6825,0,0,41,63,12,0,0,1
1054,3078,3133,3047,0,0,3,5,2,2,1,1,446,0,0,0,0,47354,189,47165,0,0,8639,1647,1,0,0,0,0,0,14736,527,11162,3046,6664,6508,2,1,72,0,10,1,0,1
3085,3031,3006,1055,2003,0,5,1,6,5,1,1,250,0,0,0,0,96873,346,95183,1344,1316,12460,2556,2,0,0,0,0,0,9439,1685,7729,24,9355,7775,1,0,154,7,12,1,0,1
2301,3158,3107,1029,1033,0,2,2,6,2,1,1,945,0,0,0,0,9227,5534,3350,342,0,5328,1417,3,0,0,0,0,0,6965,966,4906,1092,6285,6175,0,0,1,0,10,1,0,1
3145,3157,2003,3158,1056,3100,11,2,4,9,2,2,705,1,0,0,0,75176,53953,20502,720,389,15340,1308,1,0,0,0,0,0,11880,2001,9084,793,10079,9175,1,0,126,2,13,1,0,1
3071,2003,1036,3047,3052,1036,6,6,0,2,2,2,326,1,0,0,0,84488,229,80285,3973,0,16480,1363,1,0,0,0,0,0,17783,5957,11027,798,8117,6925,0,0,170,5,13,1,0,0
1413,3193,3077,2031,0,1001,1,1,5,0,1,0,610,0,0,0,0,105052,30799,46028,28224,0,4077,8783,4,0,0,0,0,0,15567,3704,11474,388,7340,6850,0,0,30,91,12,1,1,0
3153,3133,0,1042,1001,1055,1,2,1,0,1,0,701,0,0,0,0,64371,2751,61619,0,0,8505,2071,3,0,0,0,0,0,11200,2606,8110,484,6506,5950,0,0,146,0,10,0,0,0
1055,3078,2031,0,1001,0,4,10,1,0,1,0,292,0,0,0,0,33567,229,29513,3824,0,7317,454,1,0,0,0,0,0,17863,6062,11426,374,6105,4808,0,0,73,1,10,1,0,0
3301,2031,3117,3504,0,0,0,6,5,0,0,0,614,0,0,0,0,11474,9237,2237,0,0,1980,552,7,0,0,0,0,0,8931,1895,6931,104,4863,3850,0,0,4,1,10,0,0,0
3198,3135,3116,3020,3102,0,5,8,7,2,1,1,345,0,0,0,0,145823,131896,13927,0,0,18851,2210,1,12197,6686,2714,19,0,17856,6509,8927,2419,13449,12600,2,1,195,9,16,0,1,1
3190,3107,2301,2055,3158,1029,1,3,12,0,1,0,676,0,0,0,0,35173,26846,7860,465,112,12017,6883,7,7620,3208,740,64,0,15502,4915,9465,1121,10756,8600,0,1,20,1,15,8,0,1
3139,3031,3087,3046,3006,1036,9,5,4,5,2,2,873,3,0,0,0,184808,44030,129114,11664,906,27125,5670,2,9259,9384,6024,20,0,22296,7819,12215,2261,15267,14325,1,1,239,21,17,1,0,1
1054,3065,3748,3742,3071,3047,9,2,6,6,3,2,775,1,1,0,0,189104,0,182601,6503,0,26457,6465,1,44543,9543,9543,30,0,38363,9127,24706,4529,16288,14300,4,0,288,0,18,2,0,1
3748,3153,3053,0,3111,1419,4,6,2,2,2,2,744,1,0,0,0,204633,41863,151708,11062,0,10260,19658,1,19935,18447,4236,19,0,39683,7264,30082,2336,13830,13375,3,0,67,123,16,0,0,1
3098,3222,3107,3190,3158,2049,2,3,12,2,1,1,1321,0,0,0,0,28712,20819,6654,1239,0,11643,2939,3,13978,1003,1003,62,0,16612,6193,9295,1123,9938,9325,1,0,20,0,14,1,0,0
3165,3020,1026,3151,3285,1052,9,4,7,5,2,2,974,1,0,0,0,182885,113138,19183,50563,0,27441,2810,1,8776,2258,1517,16,0,18594,5577,11190,1826,14574,12660,1,0,245,5,17,1,0,0
3068,1011,3047,3742,3801,1028,2,6,4,0,1,0,715,0,0,0,0,110099,20794,85859,3445,0,12698,753,1,29620,5322,0,27,0,32721,6070,21641,5008,10147,9925,0,0,158,1,16,1,0,0
3074,3047,1412,3133,1053,1037,4,10,5,2,1,1,385,0,0,0,0,161277,6082,143617,11578,0,15108,10582,1,18782,13395,767,10,0,34914,11484,22505,924,10816,10250,0,0,32,107,15,0,0,0
3153,3087,3006,3036,3026,0,7,5,6,4,1,2,1093,0,0,0,0,124679,15402,102922,6354,556,26103,3964,2,11987,4142,3534,17,0,22885,7531,14263,1090,12874,12600,1,0,213,9,15,0,0,0
3146,3285,3020,3100,3165,1026,8,7,19,3,2,2,907,1,0,0,0,148904,97355,51063,486,0,40303,2794,1,7517,6646,4189,29,0,21230,12523,8195,511,15325,14900,0,0,176,2,18,0,0,1
1412,3142,3047,3053,3812,1011,8,4,8,3,3,3,931,1,1,0,0,229573,8300,213193,8080,0,19010,18903,1,28313,22231,3731,39,0,35956,9422,22167,4365,15955,13875,1,0,91,98,18,0,0,1
3111,2049,3107,3165,3092,3026,3,7,24,0,1,0,560,0,0,0,0,20620,15943,4677,0,0,13411,20056,5,8529,3768,2594,54,0,24899,16674,7321,903,13182,12150,1,0,7,0,18,2,0,1
3026,3139,3085,3006,3036,3031,20,4,5,9,5,3,792,2,2,1,1,292185,5322,281098,5764,2834,41556,4318,4,13500,24682,8867,18,0,26503,14208,11558,736,20876,16300,2,2,322,4,18,0,0,1
1055,3139,3074,3111,3071,1053,6,7,13,2,1,1,662,0,0,0,0,183898,1043,179874,2980,804,18854,8348,6,27371,9281,5015,20,0,37787,11390,25659,737,15630,12900,2,0,223,25,18,0,0,1
3078,3047,3142,3036,3031,0,1,9,8,0,1,0,530,0,0,0,0,261046,12069,242257,6718,773,23011,6933,1,15618,3609,3609,38,0,31085,6728,22773,1582,15196,14533,1,0,289,3,18,4,0,0
3031,3153,3006,3087,3046,0,7,7,7,2,2,2,510,1,0,0,0,159413,23533,119304,16576,800,12758,5060,2,13941,6922,651,12,0,29727,8962,20352,412,14198,13600,0,0,162,36,17,0,0,0
2301,3157,3020,0,3116,3151,9,10,10,3,1,3,494,0,0,0,0,83438,76651,6147,638,0,30296,462,1,13769,3264,1179,74,0,24710,12012,12129,568,13690,12900,0,0,59,7,17,2,0,0
3157,3152,3100,3111,1052,1026,5,9,7,3,1,1,576,0,0,0,0,167622,144346,22759,517,0,20657,4410,1,25347,1260,1260,16,0,36048,14784,20282,981,13482,11785,0,0,226,0,17,2,0,0
3153,3748,3052,1036,3111,1419,7,10,5,3,1,2,875,0,0,0,0,174605,38762,121545,14298,0,15916,21471,1,30324,23219,991,25,0,49633,10609,37457,1566,13263,12325,1,0,60,95,16,0,1,0
3142,3814,3006,3071,3134,1055,13,7,15,4,2,3,701,2,0,0,0,154817,8601,143840,2376,811,34894,1151,1,11275,16298,8993,20,0,22694,10237,11956,500,14861,11800,3,0,183,18,15,0,0,1
3111,3401,3107,2049,3512,1028,1,8,29,0,1,0,334,0,0,0,0,39333,16581,11987,10764,0,13103,7456,10,48877,3218,798,76,0,28974,11179,16871,924,11353,9925,1,0,47,0,14,3,0,1
3285,1056,3165,3020,3102,1052,6,7,14,0,1,0,526,0,0,0,0,127182,109575,17123,484,0,25569,210,1,14085,2590,1501,21,0,16867,9937,6680,249,12952,11610,0,0,169,1,15,1,0,1
3748,2033,3742,3009,3065,1053,6,3,13,2,1,3,716,0,0,0,0,120030,4141,115165,724,0,18465,12463,1,31097,10393,7509,21,0,36282,12301,22489,1492,13265,11575,3,0,185,7,16,1,0,1
1412,3026,3006,3142,3046,3133,9,9,6,4,2,2,528,1,0,0,0,170395,5620,156071,8704,385,22353,6805,1,13973,10656,3657,23,0,28946,13050,15121,774,13748,12875,1,1,70,80,15,0,0,1
1055,3031,3072,3006,3046,0,3,5,15,0,1,0,554,0,0,0,0,122347,0,120082,2265,661,20447,5221,4,8843,7809,1473,10,0,20041,7822,12203,16,12377,11400,1,0,165,5,15,0,0,0
3197,3100,3020,3108,3285,1033,6,5,11,2,1,3,1024,0,0,0,0,182073,167984,14025,62,0,31867,1588,1,11100,2141,2141,16,0,18804,10555,8105,144,13034,13010,0,0,223,7,16,2,0,0
2033,3047,3078,3065,3742,3211,14,4,5,6,2,3,723,2,0,0,0,95154,32622,60649,1882,313,24921,2528,1,30049,3950,2755,32,0,33849,9605,22904,1338,12896,12458,0,0,114,20,15,3,1,0
3401,3009,3800,2049,3801,3114,1,9,11,0,1,0,544,0,0,0,0,19597,10161,9436,0,0,4925,2606,5,16437,207,207,32,0,25366,6727,17993,645,8312,8100,0,0,27,0,13,0,0,0
3153,3053,3052,1028,3111,1419,10,12,6,3,2,2,433,2,0,0,0,132723,30966,88533,13223,0,22372,16832,1,26698,22295,961,15,0,45542,9235,35612,694,12174,11475,2,0,30,70,15,0,0,0
3401,3111,3105,2049,3109,0,2,8,8,0,1,0,719,0,0,0,0,28036,10855,12390,4789,0,5480,3637,5,35577,0,0,52,0,27802,12440,14990,372,8571,7875,0,0,57,0,13,1,0,0
3153,3094,0,3031,3006,1055,3,11,6,2,1,1,649,0,0,0,0,122302,2828,105914,13558,562,17512,2326,3,9079,2046,2046,21,0,23502,13218,9534,750,11227,11150,1,0,185,4,15,0,0,0
3193,1401,3047,3001,3742,0,10,6,7,3,2,4,707,2,0,0,0,144568,61110,72422,11034,0,16316,6737,1,46907,9997,0,38,0,33768,16307,16704,756,12401,12300,0,0,53,80,16,3,0,0
3020,3165,3285,1026,1052,0,4,10,9,2,1,1,435,0,0,0,0,120701,104071,15454,1174,0,16675,781,1,10995,2399,1634,11,0,22837,13859,8661,316,10980,9760,1,0,169,6,15,1,0,0
3142,2031,3156,3111,3071,0,7,3,8,3,2,2,1007,1,0,0,0,122637,2526,118830,1279,443,21235,3575,1,18904,5359,214,13,0,23328,12944,9488,896,11817,10400,0,0,169,2,17,0,1,0
1401,3512,3742,3047,1028,1033,6,4,8,3,2,2,1091,1,0,0,0,127306,83390,33783,10132,0,14007,5869,1,54979,6248,1759,29,0,23866,4256,17286,2323,12374,10400,0,0,61,65,16,1,0,1
3152,3047,3151,3135,3001,0,5,5,5,2,1,1,799,0,0,0,0,148483,123412,18350,6720,0,18695,2003,1,21030,13546,2458,25,0,23185,5401,16208,1575,12755,12800,1,1,210,12,16,0,0,1
3092,3190,2045,3117,1058,3113,3,3,20,0,1,0,1324,0,0,0,0,46252,37171,8376,704,0,19962,4562,5,10644,1197,992,66,0,15842,3422,10480,1939,12300,9375,1,0,35,0,16,3,0,1
3020,3089,3165,3285,3135,0,12,8,10,3,1,4,647,0,0,0,0,120652,98537,22115,0,0,26555,1590,1,14039,4982,4982,25,0,20712,7971,11645,1094,14313,14375,1,0,156,8,16,1,0,1
1055,3031,3153,3094,3006,3087,12,6,9,4,2,4,533,2,0,0,0,166858,36065,129212,1580,695,23863,5095,2,9249,8179,8179,17,0,23002,7265,14870,865,15362,14200,3,1,230,6,16,0,0,1
3153,3031,3046,3006,1055,1029,10,16,5,4,2,2,284,3,0,0,0,176808,527,168910,7370,876,24019,2647,1,22890,10356,5548,20,0,41540,4864,31774,4901,14950,11450,2,0,191,12,18,0,0,1
3157,3152,3136,3158,1082,3116,3,7,14,2,1,1,462,0,0,0,0,94855,78041,16562,251,869,15170,17212,1,16870,1344,713,5,0,31534,4383,24232,2918,12256,10975,0,0,149,0,17,1,0,1
3069,3742,2049,3117,3110,3067,6,6,16,3,1,1,385,0,0,0,0,23636,15508,7808,318,0,12981,2232,4,22295,551,314,45,0,19393,4698,12686,2008,13356,10650,0,0,14,1,16,0,0,1
3031,3812,3006,3036,3087,3026,12,6,13,4,2,3,585,2,0,0,0,282233,57568,223417,1248,1315,42005,13975,3,24919,11966,8360,14,0,29493,2716,19620,7156,20241,16750,3,0,280,36,18,0,0,1
0,3812,3026,3046,1412,3047,8,7,14,3,1,2,357,0,0,0,0,235149,7318,218068,9763,472,23135,8090,1,22941,5772,3582,31,0,25334,3597,18448,3288,15771,12675,0,1,106,94,18,4,0,1
3071,1408,3143,3155,3111,3133,7,4,10,4,2,2,569,1,0,0,0,155392,28993,112903,13495,0,18724,10527,1,32416,32627,3462,58,0,34142,5343,28024,775,13676,12650,2,0,73,60,16,3,0,0
3401,3190,3111,2049,3109,3075,4,8,19,2,1,1,599,0,0,0,0,39606,18188,12630,8787,0,9922,6079,5,48009,1548,221,32,0,29326,4299,22927,2099,11903,11275,0,0,53,0,16,1,1,0
3153,3031,1055,3087,3085,3006,6,13,10,3,2,2,477,1,0,0,0,156201,15960,132658,7582,785,24819,2805,1,15472,8774,8774,13,0,30704,6826,22950,928,14520,13800,3,0,186,7,16,0,0,0
3074,3071,3033,3065,1053,3047,18,8,3,7,3,4,811,1,1,0,0,168091,2511,154539,11040,729,43626,13447,9,47676,11417,4805,27,0,50284,10604,36747,2932,16642,15125,1,1,189,15,17,1,0,0
3153,3134,3142,3156,3111,2140,7,7,8,3,2,3,539,1,0,0,0,155666,9159,144806,1700,0,19056,2385,1,15729,13457,3160,8,0,22211,4989,16420,802,13672,12725,0,1,199,6,17,1,0,0
3153,3047,3026,3156,3078,3046,26,11,16,8,5,5,512,6,1,1,1,278111,4979,254187,18943,1074,58361,19206,1,59282,32279,13666,11,0,69170,28983,38452,1734,24269,25303,5,2,303,3,18,0,0,1
3092,2045,3222,3742,3117,3116,4,9,27,3,1,1,695,0,0,0,0,65972,54861,9737,1373,0,14970,6580,5,24278,4402,1272,37,0,35144,9436,24184,1522,17008,13600,0,0,41,0,18,2,0,1
3094,3508,3006,3031,3026,3072,15,10,11,5,5,4,583,4,2,1,1,283489,3738,275604,4146,1369,54512,6019,4,14548,18515,4834,27,0,32365,8457,22698,1210,20831,18200,3,1,245,43,18,0,0,1
3108,3146,3100,3020,3089,3135,4,16,26,0,1,0,277,0,0,0,0,171240,62040,108278,921,0,28268,18479,3,19977,11602,2341,21,0,46621,13986,31556,1078,16609,16000,1,0,152,14,18,0,0,1
3111,3748,1401,3026,3742,3075,16,10,25,8,2,3,815,3,0,0,0,194336,72075,111944,10317,139,37804,27011,1,102324,9386,551,35,0,77508,26644,47784,3079,18825,17100,0,0,65,76,18,1,1,1
1409,3107,3190,3174,3504,3158,6,15,30,2,1,1,405,0,0,0,0,367330,24531,10880,331919,0,20336,16029,13,52713,3159,1155,48,0,49796,10217,36284,3294,15156,16000,0,1,32,66,17,0,0,0
3026,3147,3006,3094,3031,3072,19,13,20,7,2,3,608,3,0,0,0,210778,13202,192862,4714,1212,58625,8502,3,30141,9512,8536,29,0,41153,9593,28845,2714,19536,20050,4,1,240,2,18,0,0,0
1052,3165,3151,3102,3116,3157,7,15,24,3,1,1,562,0,0,0,0,163668,149493,14115,60,0,53627,2090,1,27830,6531,2644,13,0,34840,7706,23945,3187,15415,15385,1,1,179,0,18,0,0,0
3190,3401,3193,2045,3111,3109,2,9,37,2,2,1,985,1,0,0,0,49093,21977,20245,6870,0,15447,9696,5,96018,982,320,55,0,43774,7819,32575,3379,13430,12375,0,0,59,0,18,3,0,0
3142,3156,3814,3812,3147,3158,22,13,15,7,2,5,509,4,0,0,0,250669,5905,239707,5055,958,58831,8878,1,37408,7433,7433,26,0,42154,12161,24315,5677,20419,18050,1,0,231,1,18,0,0,0
